"Dur_Month","Gender","Age","Y_educ"
"","","",""
"","","",""
"","","",""
"","","",""
"","","",""
"","","",""
"","","",""
"","","",""
"","","",""
"","","",""
"","","",""
"","","",""
"","","",""
"","","",""
"","","",""
"","","",""
"","","",""
"","","",""
"","","",""
"","","",""
"","","",""
"","","",""
"","","",""
"","","",""
"","","",""
"","","",""
"","","",""
"","","",""
"","","",""
"","","",""
"","","",""
"","","",""
"","","",""
"","","",""
"","","",""
"","","",""
"","","",""
"","","",""
"","","",""
"","","",""
"","","",""
"","","",""
"","","",""
"","","",""
"","","",""
"","","",""
"","","",""
"","","",""
"","","",""
"","","",""
"","","",""
"","","",""
"","","",""
"","","",""
"","","",""
"","","",""
"","","",""
"","","",""
"","","",""
"","","",""
"","","",""
"","","",""
"","","",""
"8","2","64","1"
"5","1","64","1"
"2","1","64","10"
"1","1","64","4"
"1","2","64","1"
"1","2","64","1"
"1","2","64","1"
"1","1","64","1"
"1","1","64","1"
"1","1","64","4"
"3","2","63","4"
"2","1","63","4"
"1","1","63","1"
"1","1","63","7"
"1","2","63","1"
"1","2","63","1"
"3","1","62","4"
"2","1","62","11"
"2","2","62","14"
"2","1","62","4"
"2","1","62","7"
"2","1","62","7"
"1","1","62","13"
"1","1","62","11"
"1","1","62","1"
"1","1","62","4"
"1","2","62","4"
"1","1","62","1"
"10","2","61","4"
"6","1","61","4"
"4","2","61","4"
"2","2","61","1"
"2","1","61","1"
"2","1","61","4"
"1","1","61","1"
"1","2","61","4"
"1","1","61","4"
"1","1","61","14"
"12","1","60","4"
"3","2","60","1"
"3","1","60","11"
"2","1","60","1"
"2","2","60","1"
"2","1","60","10"
"1","1","60","14"
"1","2","60","4"
"1","1","60","4"
"1","2","60","4"
"1","1","60","4"
"1","1","60","4"
"1","2","60","4"
"1","1","60","14"
"1","1","60","4"
"12","2","59","15"
"5","1","59","14"
"3","1","59","1"
"3","1","59","4"
"3","1","59","7"
"2","1","59","4"
"2","2","59","1"
"2","1","59","7"
"1","1","59","1"
"1","2","59","1"
"1","2","59","1"
"1","1","59","7"
"1","2","59","4"
"1","1","59","4"
"1","2","59","4"
"1","1","59","4"
"1","2","59","4"
"1","1","59","4"
"1","2","59","4"
"1","1","59","7"
"1","2","59","1"
"1","2","59","4"
"1","2","59","4"
"1","1","59","7"
"1","1","59","4"
"1","1","59","4"
"1","2","59","10"
"1","1","59","1"
"1","1","59","4"
"1","1","59","4"
"1","2","59","4"
"1","1","59","1"
"1","1","59","7"
"1","1","59","4"
"6","1","58","4"
"4","1","58","4"
"3","1","58","4"
"3","1","58","1"
"2","2","58","4"
"2","1","58","4"
"1","2","58","1"
"1","2","58","4"
"1","2","58","4"
"1","1","58","1"
"1","1","58","4"
"1","2","58","10"
"1","1","58","10"
"1","1","58","4"
"1","1","58","10"
"1","1","58","4"
"1","2","58","13"
"12","1","57","4"
"4","1","57","10"
"4","1","57","4"
"3","1","57","14"
"3","2","57","1"
"3","1","57","1"
"2","2","57","4"
"2","1","57","4"
"2","1","57","1"
"1","1","57","4"
"1","1","57","4"
"1","1","57","1"
"1","2","57","4"
"1","1","57","4"
"1","1","57","1"
"1","1","57","4"
"1","2","57","1"
"1","2","57","1"
"1","1","57","4"
"1","1","57","13"
"1","1","57","10"
"1","1","57","1"
"1","1","57","4"
"1","1","57","1"
"1","2","57","5"
"1","1","57","4"
"12","1","56","1"
"8","1","56","10"
"5","1","56","4"
"3","1","56","10"
"3","1","56","14"
"3","1","56","4"
"2","1","56","1"
"2","1","56","1"
"2","1","56","4"
"2","1","56","4"
"1","1","56","1"
"1","1","56","4"
"1","2","56","4"
"1","1","56","4"
"1","2","56","4"
"1","2","56","4"
"1","1","56","1"
"1","2","56","1"
"1","2","56","1"
"1","1","56","4"
"1","2","56","4"
"1","2","56","1"
"1","2","56","4"
"1","1","56","14"
"1","1","56","7"
"1","2","56","4"
"1","1","56","10"
"1","2","56","11"
"1","2","56","4"
"25","1","55","1"
"12","2","55","4"
"6","1","55","4"
"5","2","55","2"
"4","1","55","4"
"3","1","55","10"
"3","1","55","11"
"2","1","55","10"
"1","1","55","4"
"1","1","55","4"
"1","2","55","7"
"1","2","55","4"
"1","2","55","4"
"1","1","55","7"
"1","1","55","4"
"1","1","55","7"
"1","2","55","4"
"1","2","55","1"
"1","1","55","7"
"1","1","55","4"
"1","1","55","4"
"1","2","55","10"
"1","1","55","4"
"1","2","55","1"
"1","1","55","4"
"12","1","54","14"
"11","2","54","4"
"8","2","54","7"
"6","1","54","4"
"6","1","54","4"
"4","1","54","1"
"4","1","54","11"
"3","2","54","1"
"3","1","54","4"
"3","1","54","10"
"2","2","54","7"
"2","1","54","11"
"2","1","54","1"
"2","1","54","4"
"2","1","54","10"
"2","2","54","4"
"2","1","54","4"
"1","1","54","11"
"1","2","54","7"
"1","2","54","1"
"1","1","54","11"
"1","2","54","1"
"1","2","54","1"
"1","1","54","10"
"1","2","54","7"
"1","1","54","11"
"1","2","54","4"
"1","2","54","11"
"1","2","54","4"
"1","2","54","7"
"1","1","54","4"
"1","2","54","1"
"1","1","54","7"
"1","1","54","7"
"1","1","54","14"
"1","2","54","10"
"1","1","54","1"
"1","1","54","4"
"1","1","54","11"
"1","1","54","1"
"1","1","54","4"
"1","1","54","1"
"1","1","54","14"
"9","2","53","4"
"8","1","53","7"
"5","1","53","14"
"5","1","53","4"
"3","1","53","4"
"2","1","53","4"
"2","2","53","4"
"2","1","53","10"
"2","2","53","7"
"2","1","53","1"
"2","1","53","7"
"2","1","53","4"
"2","1","53","4"
"1","1","53","4"
"1","2","53","4"
"1","1","53","4"
"1","1","53","4"
"1","1","53","4"
"1","2","53","1"
"1","2","53","4"
"1","2","53","10"
"1","1","53","4"
"1","1","53","4"
"1","1","53","7"
"1","2","53","4"
"1","1","53","4"
"1","1","53","1"
"1","1","53","4"
"1","2","53","4"
"1","1","53","4"
"1","1","53","7"
"1","2","53","1"
"1","1","53","1"
"8","2","52","1"
"7","2","52","1"
"6","1","52","7"
"3","1","52","10"
"3","2","52","1"
"3","2","52","14"
"3","1","52","10"
"3","1","52","7"
"2","2","52","4"
"2","1","52","4"
"2","2","52","10"
"2","2","52","4"
"2","1","52","7"
"2","1","52","7"
"1","1","52","10"
"1","1","52","1"
"1","1","52","4"
"1","1","52","7"
"1","1","52","1"
"1","2","52","1"
"1","2","52","4"
"1","2","52","4"
"1","2","52","4"
"1","1","52","10"
"1","2","52","10"
"1","1","52","13"
"1","2","52","1"
"1","1","52","1"
"1","1","52","7"
"1","2","52","4"
"1","1","52","4"
"1","1","52","7"
"1","2","52","4"
"1","2","52","4"
"1","1","52","4"
"1","1","52","4"
"1","2","52","4"
"1","2","52","14"
"1","2","52","1"
"1","1","52","10"
"1","1","52","1"
"1","1","52","4"
"12","2","51","10"
"8","1","51","1"
"7","2","51","1"
"5","2","51","1"
"5","1","51","4"
"3","1","51","10"
"3","2","51","1"
"3","2","51","1"
"3","1","51","4"
"3","2","51","10"
"2","1","51","4"
"2","2","51","11"
"2","2","51","1"
"2","2","51","4"
"2","1","51","10"
"2","1","51","4"
"1","2","51","12"
"1","1","51","4"
"1","1","51","7"
"1","2","51","1"
"1","2","51","1"
"1","2","51","4"
"1","2","51","4"
"1","2","51","1"
"1","2","51","4"
"1","2","51","7"
"1","1","51","7"
"1","1","51","7"
"1","2","51","4"
"1","1","51","10"
"1","2","51","4"
"1","2","51","1"
"1","2","51","7"
"1","1","51","4"
"1","1","51","11"
"1","1","51","11"
"9","1","50","10"
"6","2","50","7"
"5","1","50","1"
"4","2","50","7"
"4","1","50","4"
"3","1","50","4"
"3","1","50","11"
"3","2","50","4"
"2","2","50","7"
"2","1","50","11"
"2","2","50","16"
"2","1","50","4"
"2","1","50","4"
"2","1","50","7"
"2","1","50","10"
"2","2","50","4"
"2","2","50","1"
"2","1","50","4"
"1","1","50","7"
"1","1","50","7"
"1","1","50","4"
"1","1","50","4"
"1","1","50","10"
"1","1","50","4"
"1","1","50","4"
"1","1","50","11"
"1","2","50","4"
"1","2","50","1"
"1","2","50","4"
"1","1","50","4"
"1","2","50","11"
"1","2","50","10"
"1","1","50","4"
"1","2","50","10"
"1","1","50","10"
"1","2","50","4"
"1","2","50","4"
"1","1","50","1"
"1","2","50","4"
"12","1","49","10"
"9","1","49","4"
"7","1","49","10"
"5","2","49","4"
"4","1","49","4"
"3","1","49","4"
"3","1","49","4"
"3","2","49","10"
"3","1","49","11"
"3","2","49","1"
"2","1","49","1"
"2","1","49","4"
"2","2","49","4"
"2","2","49","7"
"2","1","49","14"
"2","1","49","7"
"1","1","49","4"
"1","2","49","4"
"1","2","49","4"
"1","1","49","4"
"1","1","49","10"
"1","1","49","11"
"1","2","49","1"
"1","1","49","4"
"1","2","49","7"
"1","1","49","7"
"1","2","49","1"
"1","2","49","14"
"1","2","49","1"
"1","2","49","7"
"1","2","49","4"
"1","2","49","1"
"1","2","49","1"
"1","2","49","4"
"1","2","49","1"
"1","1","49","4"
"1","1","49","4"
"1","1","49","10"
"1","1","49","4"
"24","1","48","4"
"12","1","48","7"
"12","2","48","11"
"10","2","48","4"
"6","2","48","11"
"6","1","48","4"
"6","1","48","4"
"5","1","48","1"
"4","2","48","12"
"3","1","48","10"
"3","2","48","4"
"3","1","48","13"
"3","2","48","7"
"2","2","48","4"
"2","2","48","7"
"2","1","48","10"
"2","2","48","4"
"2","1","48","14"
"2","1","48","11"
"2","2","48","1"
"1","1","48","4"
"1","1","48","1"
"1","1","48","7"
"1","1","48","14"
"1","1","48","10"
"1","1","48","4"
"1","1","48","4"
"1","2","48","4"
"1","1","48","10"
"1","1","48","4"
"1","1","48","10"
"1","1","48","10"
"1","2","48","10"
"1","2","48","14"
"1","1","48","10"
"1","1","48","4"
"1","2","48","1"
"1","2","48","11"
"1","2","48","10"
"1","2","48","4"
"1","1","48","1"
"1","2","48","4"
"1","2","48","4"
"1","2","48","1"
"12","1","47","7"
"12","1","47","11"
"12","2","47","4"
"6","1","47","10"
"4","1","47","14"
"3","2","47","4"
"3","2","47","4"
"3","1","47","7"
"3","1","47","4"
"2","2","47","4"
"2","2","47","4"
"2","2","47","4"
"2","1","47","10"
"2","2","47","4"
"2","1","47","7"
"2","2","47","7"
"2","2","47","4"
"2","1","47","7"
"2","1","47","4"
"2","2","47","11"
"1","1","47","10"
"1","2","47","11"
"1","2","47","7"
"1","1","47","4"
"1","2","47","7"
"1","2","47","4"
"1","2","47","11"
"1","1","47","4"
"1","1","47","4"
"1","1","47","1"
"1","1","47","4"
"1","1","47","7"
"1","2","47","4"
"1","2","47","4"
"1","1","47","11"
"1","2","47","4"
"1","1","47","4"
"1","2","47","1"
"1","1","47","11"
"1","1","47","7"
"1","1","47","4"
"1","1","47","4"
"1","2","47","4"
"1","2","47","4"
"1","1","47","5"
"1","1","47","1"
"1","2","47","1"
"1","1","47","7"
"1","2","47","10"
"1","1","47","8"
"1","1","47","4"
"1","1","47","10"
"1","2","47","10"
"1","1","47","11"
"1","1","47","4"
"1","1","47","10"
"1","1","47","14"
"12","1","46","4"
"12","2","46","1"
"10","1","46","7"
"6","2","46","10"
"6","2","46","4"
"6","1","46","13"
"6","2","46","4"
"5","2","46","4"
"4","1","46","4"
"4","1","46","4"
"3","1","46","10"
"3","1","46","8"
"3","2","46","1"
"3","1","46","4"
"3","2","46","7"
"3","2","46","1"
"2","2","46","14"
"2","1","46","4"
"2","1","46","14"
"2","1","46","1"
"2","2","46","7"
"2","1","46","1"
"2","2","46","12"
"2","1","46","4"
"2","1","46","14"
"1","1","46","4"
"1","2","46","1"
"1","2","46","7"
"1","2","46","4"
"1","1","46","11"
"1","1","46","7"
"1","2","46","4"
"1","2","46","4"
"1","2","46","11"
"1","2","46","10"
"1","1","46","4"
"1","1","46","1"
"1","2","46","4"
"1","2","46","4"
"1","2","46","10"
"1","1","46","7"
"1","2","46","2"
"1","1","46","7"
"1","1","46","11"
"1","2","46","4"
"1","1","46","15"
"1","1","46","4"
"1","1","46","1"
"1","1","46","4"
"1","1","46","4"
"1","2","46","4"
"1","1","46","4"
"1","2","46","1"
"1","2","46","7"
"1","1","46","4"
"1","1","46","10"
"1","1","46","14"
"1","1","46","4"
"1","2","46","4"
"1","2","46","4"
"1","2","46","4"
"1","1","46","10"
"1","1","46","10"
"1","1","46","10"
"1","2","46","4"
"1","1","46","1"
"1","1","46","1"
"1","1","46","7"
"1","1","46","4"
"1","1","46","7"
"1","1","46","1"
"10","1","45","4"
"6","1","45","14"
"5","2","45","10"
"5","1","45","4"
"5","1","45","11"
"5","1","45","4"
"5","1","45","4"
"4","1","45","7"
"3","2","45","4"
"3","2","45","1"
"3","2","45","4"
"3","1","45","4"
"3","1","45","1"
"2","2","45","11"
"2","2","45","10"
"2","2","45","7"
"2","2","45","4"
"2","2","45","11"
"2","2","45","11"
"2","1","45","7"
"2","1","45","1"
"2","2","45","4"
"2","1","45","4"
"2","2","45","4"
"2","2","45","10"
"2","1","45","4"
"2","1","45","11"
"1","2","45","10"
"1","1","45","10"
"1","2","45","4"
"1","1","45","7"
"1","1","45","4"
"1","2","45","4"
"1","2","45","4"
"1","2","45","7"
"1","2","45","4"
"1","1","45","4"
"1","1","45","11"
"1","2","45","1"
"1","1","45","1"
"1","1","45","4"
"1","2","45","7"
"1","2","45","4"
"1","1","45","7"
"1","2","45","4"
"1","2","45","4"
"1","1","45","12"
"1","2","45","4"
"1","2","45","4"
"1","1","45","1"
"1","2","45","14"
"1","1","45","4"
"1","2","45","4"
"1","1","45","7"
"1","1","45","10"
"1","1","45","4"
"1","2","45","4"
"1","2","45","7"
"1","1","45","4"
"1","1","45","7"
"1","1","45","4"
"1","1","45","10"
"1","1","45","11"
"1","1","45","11"
"1","1","45","10"
"1","1","45","4"
"12","2","44","7"
"10","1","44","14"
"7","1","44","4"
"6","2","44","7"
"6","1","44","10"
"5","1","44","4"
"5","1","44","7"
"4","2","44","7"
"4","1","44","7"
"3","1","44","11"
"3","2","44","7"
"3","1","44","11"
"3","2","44","4"
"3","2","44","4"
"2","2","44","1"
"2","2","44","4"
"2","1","44","4"
"2","1","44","4"
"2","1","44","7"
"2","2","44","7"
"2","2","44","7"
"2","2","44","13"
"2","2","44","1"
"2","1","44","10"
"2","1","44","4"
"1","2","44","1"
"1","2","44","4"
"1","2","44","4"
"1","2","44","1"
"1","2","44","4"
"1","1","44","11"
"1","2","44","4"
"1","2","44","4"
"1","2","44","4"
"1","2","44","4"
"1","2","44","4"
"1","1","44","10"
"1","2","44","4"
"1","1","44","4"
"1","2","44","14"
"1","1","44","1"
"1","1","44","1"
"1","1","44","4"
"1","1","44","4"
"1","2","44","4"
"1","1","44","4"
"1","1","44","11"
"1","1","44","11"
"1","2","44","7"
"1","2","44","1"
"1","1","44","13"
"1","1","44","4"
"1","2","44","10"
"1","1","44","13"
"1","1","44","4"
"1","1","44","4"
"1","1","44","4"
"1","1","44","10"
"1","1","44","4"
"1","1","44","4"
"1","1","44","15"
"36","1","43","14"
"24","1","43","14"
"24","1","43","10"
"12","1","43","1"
"12","2","43","7"
"5","1","43","14"
"5","1","43","4"
"4","2","43","4"
"4","2","43","10"
"3","2","43","7"
"3","1","43","7"
"3","2","43","13"
"2","1","43","5"
"2","2","43","7"
"2","2","43","4"
"2","1","43","10"
"2","1","43","4"
"2","1","43","4"
"2","2","43","11"
"2","1","43","11"
"2","2","43","4"
"2","2","43","7"
"2","2","43","4"
"2","1","43","11"
"2","1","43","4"
"2","1","43","1"
"1","1","43","4"
"1","2","43","1"
"1","2","43","7"
"1","1","43","1"
"1","1","43","10"
"1","2","43","4"
"1","1","43","4"
"1","1","43","4"
"1","2","43","4"
"1","1","43","7"
"1","1","43","4"
"1","1","43","7"
"1","1","43","14"
"1","1","43","11"
"1","1","43","10"
"1","2","43","4"
"1","2","43","10"
"1","1","43","14"
"1","1","43","1"
"1","2","43","1"
"1","2","43","7"
"1","1","43","10"
"1","1","43","4"
"1","1","43","4"
"1","2","43","10"
"1","2","43","4"
"1","2","43","4"
"1","2","43","10"
"1","1","43","4"
"1","1","43","10"
"1","2","43","10"
"1","1","43","7"
"1","2","43","10"
"1","2","43","11"
"1","2","43","4"
"1","2","43","4"
"1","1","43","4"
"1","2","43","10"
"1","2","43","10"
"1","2","43","4"
"1","2","43","10"
"1","2","43","13"
"1","2","43","7"
"1","2","43","10"
"1","1","43","8"
"1","2","43","4"
"1","1","43","4"
"1","1","43","4"
"1","1","43","4"
"1","1","43","10"
"24","1","42","4"
"24","2","42","4"
"12","1","42","4"
"12","1","42","7"
"12","1","42","10"
"12","2","42","1"
"6","1","42","4"
"6","1","42","7"
"5","1","42","4"
"4","2","42","7"
"3","1","42","11"
"3","1","42","14"
"3","1","42","4"
"3","1","42","4"
"2","2","42","4"
"2","2","42","1"
"2","1","42","10"
"2","2","42","10"
"2","1","42","4"
"2","2","42","11"
"2","1","42","4"
"1","1","42","11"
"1","1","42","4"
"1","1","42","4"
"1","1","42","14"
"1","2","42","11"
"1","1","42","4"
"1","2","42","7"
"1","1","42","4"
"1","1","42","4"
"1","2","42","4"
"1","1","42","4"
"1","1","42","7"
"1","2","42","11"
"1","2","42","10"
"1","2","42","4"
"1","1","42","4"
"1","2","42","14"
"1","1","42","7"
"1","1","42","4"
"1","2","42","10"
"1","1","42","12"
"1","2","42","4"
"1","1","42","10"
"8","1","41","11"
"5","1","41","7"
"5","1","41","4"
"4","2","41","4"
"4","2","41","7"
"4","2","41","11"
"3","2","41","10"
"3","2","41","7"
"3","1","41","4"
"3","1","41","1"
"2","1","41","11"
"2","2","41","4"
"2","1","41","1"
"2","1","41","10"
"2","1","41","4"
"2","2","41","7"
"2","1","41","11"
"2","2","41","4"
"2","2","41","7"
"2","2","41","13"
"2","1","41","13"
"1","2","41","4"
"1","1","41","11"
"1","1","41","4"
"1","2","41","4"
"1","2","41","10"
"1","1","41","11"
"1","1","41","10"
"1","2","41","4"
"1","1","41","4"
"1","1","41","4"
"1","2","41","4"
"1","1","41","11"
"1","1","41","7"
"1","1","41","7"
"1","1","41","4"
"1","2","41","10"
"1","1","41","4"
"1","1","41","7"
"1","2","41","7"
"1","1","41","7"
"1","1","41","4"
"1","2","41","7"
"1","1","41","4"
"1","2","41","4"
"1","1","41","7"
"1","1","41","4"
"1","1","41","13"
"1","1","41","1"
"1","1","41","4"
"1","2","41","11"
"1","1","41","7"
"1","1","41","11"
"11","1","40","11"
"10","1","40","14"
"7","2","40","11"
"7","2","40","4"
"6","1","40","4"
"6","1","40","14"
"4","2","40","11"
"4","2","40","4"
"4","2","40","4"
"3","2","40","11"
"3","2","40","11"
"3","1","40","13"
"3","2","40","4"
"3","1","40","5"
"3","1","40","7"
"2","2","40","4"
"2","2","40","7"
"2","2","40","12"
"2","1","40","11"
"2","1","40","4"
"2","1","40","13"
"2","1","40","1"
"2","1","40","4"
"1","1","40","7"
"1","2","40","4"
"1","1","40","10"
"1","1","40","11"
"1","2","40","7"
"1","1","40","1"
"1","1","40","4"
"1","1","40","10"
"1","1","40","7"
"1","2","40","1"
"1","1","40","10"
"1","1","40","4"
"1","2","40","7"
"1","2","40","4"
"1","2","40","4"
"1","1","40","4"
"1","2","40","4"
"1","1","40","7"
"1","1","40","12"
"1","1","40","10"
"1","1","40","4"
"1","1","40","1"
"1","2","40","7"
"1","1","40","7"
"1","1","40","10"
"1","2","40","10"
"1","2","40","7"
"1","2","40","8"
"1","2","40","10"
"1","2","40","14"
"1","2","40","7"
"1","2","40","1"
"1","1","40","12"
"1","1","40","4"
"1","1","40","10"
"1","1","40","7"
"1","1","40","4"
"1","2","40","10"
"1","1","40","7"
"1","2","40","4"
"1","1","40","7"
"1","2","40","7"
"1","1","40","11"
"1","1","40","4"
"1","1","40","13"
"1","2","40","1"
"1","2","40","4"
"1","1","40","4"
"15","1","39","7"
"12","2","39","10"
"12","1","39","11"
"12","1","39","11"
"12","1","39","10"
"12","1","39","7"
"7","1","39","10"
"6","1","39","10"
"6","1","39","1"
"5","1","39","7"
"5","2","39","4"
"5","1","39","1"
"4","2","39","11"
"4","1","39","7"
"4","1","39","4"
"3","2","39","4"
"3","1","39","4"
"3","1","39","1"
"3","1","39","11"
"3","1","39","13"
"3","1","39","13"
"3","1","39","4"
"3","1","39","1"
"2","1","39","7"
"2","2","39","7"
"2","1","39","7"
"2","2","39","10"
"2","1","39","1"
"2","2","39","4"
"2","2","39","7"
"2","2","39","7"
"2","2","39","11"
"2","2","39","10"
"2","2","39","10"
"1","2","39","4"
"1","2","39","11"
"1","2","39","10"
"1","1","39","14"
"1","1","39","7"
"1","1","39","4"
"1","2","39","10"
"1","1","39","11"
"1","1","39","4"
"1","2","39","11"
"1","2","39","7"
"1","2","39","11"
"1","1","39","1"
"1","2","39","4"
"1","1","39","11"
"1","1","39","14"
"1","1","39","4"
"1","1","39","7"
"1","1","39","4"
"1","2","39","11"
"1","2","39","1"
"1","2","39","7"
"1","1","39","4"
"1","2","39","10"
"1","1","39","7"
"1","2","39","4"
"1","1","39","4"
"1","1","39","11"
"1","2","39","4"
"1","2","39","7"
"1","2","39","7"
"1","1","39","4"
"1","2","39","4"
"1","1","39","4"
"1","2","39","4"
"1","1","39","4"
"1","1","39","4"
"1","2","39","10"
"1","2","39","10"
"1","1","39","10"
"1","2","39","10"
"1","2","39","14"
"1","1","39","11"
"1","2","39","4"
"1","1","39","10"
"1","1","39","14"
"1","1","39","13"
"1","1","39","7"
"1","1","39","14"
"1","1","39","10"
"18","1","38","7"
"12","1","38","10"
"7","2","38","4"
"7","1","38","7"
"7","1","38","4"
"6","1","38","10"
"6","1","38","11"
"3","1","38","10"
"3","1","38","1"
"3","2","38","10"
"3","2","38","4"
"3","2","38","11"
"3","2","38","10"
"3","2","38","14"
"3","1","38","4"
"3","1","38","7"
"3","1","38","14"
"2","1","38","11"
"2","1","38","11"
"2","1","38","11"
"2","1","38","4"
"2","1","38","13"
"2","1","38","11"
"2","2","38","4"
"2","1","38","4"
"2","1","38","10"
"2","2","38","4"
"2","1","38","7"
"2","2","38","7"
"1","2","38","4"
"1","1","38","11"
"1","1","38","7"
"1","2","38","8"
"1","2","38","7"
"1","1","38","4"
"1","1","38","7"
"1","1","38","4"
"1","2","38","4"
"1","2","38","7"
"1","2","38","10"
"1","1","38","7"
"1","1","38","1"
"1","1","38","7"
"1","2","38","14"
"1","2","38","7"
"1","1","38","7"
"1","1","38","4"
"1","1","38","13"
"1","1","38","4"
"1","1","38","4"
"1","2","38","10"
"1","2","38","1"
"1","1","38","10"
"1","2","38","10"
"1","1","38","7"
"1","2","38","4"
"1","1","38","1"
"1","1","38","7"
"1","2","38","7"
"1","1","38","7"
"1","2","38","4"
"1","2","38","7"
"1","1","38","10"
"1","2","38","4"
"1","1","38","4"
"1","1","38","7"
"1","1","38","10"
"1","1","38","14"
"1","1","38","11"
"6","2","37","7"
"6","1","37","14"
"6","1","37","7"
"6","1","37","13"
"5","1","37","7"
"5","1","37","11"
"5","1","37","7"
"5","2","37","7"
"4","1","37","10"
"4","2","37","14"
"4","2","37","7"
"4","2","37","11"
"3","2","37","10"
"3","1","37","11"
"3","2","37","7"
"3","2","37","4"
"3","1","37","4"
"3","1","37","4"
"3","1","37","4"
"3","1","37","7"
"3","1","37","4"
"3","1","37","11"
"2","1","37","11"
"2","1","37","4"
"2","1","37","14"
"2","1","37","10"
"2","1","37","10"
"2","2","37","11"
"2","2","37","1"
"2","1","37","7"
"2","2","37","4"
"2","1","37","14"
"1","1","37","7"
"1","2","37","11"
"1","1","37","10"
"1","2","37","10"
"1","2","37","4"
"1","2","37","4"
"1","1","37","8"
"1","1","37","7"
"1","2","37","12"
"1","2","37","10"
"1","2","37","7"
"1","1","37","1"
"1","2","37","7"
"1","1","37","4"
"1","1","37","4"
"1","2","37","1"
"1","2","37","4"
"1","1","37","11"
"1","1","37","11"
"1","2","37","4"
"1","2","37","7"
"1","2","37","7"
"1","1","37","7"
"1","1","37","11"
"1","1","37","11"
"1","1","37","11"
"1","1","37","10"
"1","2","37","4"
"1","1","37","11"
"1","1","37","10"
"1","2","37","4"
"1","1","37","2"
"1","1","37","1"
"1","2","37","4"
"1","1","37","4"
"1","1","37","1"
"1","1","37","13"
"1","1","37","4"
"1","2","37","7"
"1","1","37","10"
"1","2","37","13"
"1","1","37","11"
"1","1","37","14"
"1","1","37","7"
"1","1","37","11"
"12","2","36","4"
"10","1","36","4"
"10","1","36","11"
"7","2","36","10"
"6","1","36","4"
"5","2","36","11"
"5","1","36","4"
"4","1","36","7"
"4","1","36","11"
"4","1","36","7"
"3","2","36","7"
"2","2","36","10"
"2","1","36","1"
"2","2","36","4"
"2","1","36","10"
"2","1","36","7"
"2","2","36","10"
"2","1","36","11"
"2","1","36","10"
"2","2","36","10"
"2","1","36","11"
"2","1","36","4"
"1","1","36","4"
"1","2","36","10"
"1","1","36","7"
"1","1","36","4"
"1","1","36","11"
"1","1","36","4"
"1","2","36","7"
"1","2","36","10"
"1","1","36","7"
"1","2","36","12"
"1","1","36","4"
"1","2","36","10"
"1","2","36","10"
"1","1","36","4"
"1","1","36","8"
"1","2","36","14"
"1","2","36","7"
"1","1","36","12"
"1","2","36","11"
"1","1","36","4"
"1","1","36","4"
"1","1","36","4"
"1","1","36","4"
"1","1","36","7"
"1","1","36","4"
"1","1","36","7"
"1","1","36","13"
"1","2","36","11"
"1","1","36","10"
"1","2","36","7"
"1","2","36","7"
"1","2","36","11"
"1","1","36","4"
"1","1","36","11"
"1","2","36","7"
"1","2","36","10"
"1","2","36","4"
"1","2","36","4"
"1","2","36","7"
"1","1","36","4"
"1","2","36","7"
"1","1","36","11"
"1","1","36","7"
"11","2","35","1"
"8","1","35","4"
"8","1","35","1"
"6","1","35","4"
"6","1","35","11"
"6","1","35","1"
"6","1","35","11"
"6","1","35","10"
"6","1","35","7"
"5","2","35","4"
"4","2","35","4"
"4","1","35","4"
"3","2","35","11"
"3","1","35","10"
"3","1","35","4"
"3","1","35","11"
"3","1","35","1"
"3","2","35","1"
"3","1","35","10"
"3","2","35","10"
"3","1","35","10"
"3","1","35","4"
"3","1","35","7"
"2","2","35","7"
"2","1","35","13"
"2","1","35","10"
"2","2","35","7"
"2","2","35","11"
"2","1","35","11"
"2","2","35","14"
"2","1","35","1"
"2","2","35","4"
"2","2","35","7"
"1","2","35","4"
"1","1","35","1"
"1","2","35","7"
"1","1","35","11"
"1","2","35","7"
"1","1","35","7"
"1","2","35","11"
"1","1","35","11"
"1","1","35","4"
"1","2","35","4"
"1","2","35","7"
"1","1","35","10"
"1","1","35","7"
"1","2","35","7"
"1","2","35","7"
"1","2","35","7"
"1","2","35","1"
"1","1","35","4"
"1","1","35","11"
"1","1","35","7"
"1","2","35","7"
"1","2","35","7"
"1","1","35","7"
"1","1","35","4"
"1","2","35","11"
"1","1","35","4"
"1","1","35","7"
"1","1","35","11"
"1","2","35","7"
"1","2","35","13"
"1","1","35","11"
"1","2","35","4"
"1","1","35","4"
"1","2","35","4"
"1","1","35","4"
"1","1","35","10"
"1","2","35","7"
"1","1","35","4"
"1","1","35","11"
"1","1","35","4"
"1","1","35","10"
"1","1","35","7"
"1","1","35","7"
"1","1","35","4"
"1","1","35","11"
"12","1","34","7"
"7","2","34","10"
"6","1","34","4"
"6","2","34","11"
"6","1","34","7"
"5","1","34","4"
"5","2","34","4"
"5","1","34","4"
"5","2","34","4"
"4","1","34","10"
"4","2","34","4"
"3","2","34","13"
"3","1","34","4"
"3","1","34","7"
"3","2","34","10"
"3","1","34","7"
"3","2","34","7"
"3","1","34","7"
"3","1","34","4"
"2","2","34","4"
"2","2","34","13"
"2","1","34","1"
"2","1","34","11"
"2","2","34","14"
"2","2","34","7"
"2","1","34","4"
"2","1","34","10"
"2","1","34","10"
"1","1","34","11"
"1","1","34","4"
"1","1","34","4"
"1","1","34","4"
"1","2","34","7"
"1","1","34","11"
"1","1","34","1"
"1","2","34","7"
"1","2","34","4"
"1","1","34","4"
"1","2","34","7"
"1","2","34","4"
"1","1","34","1"
"1","1","34","4"
"1","1","34","4"
"1","2","34","7"
"1","1","34","10"
"1","2","34","11"
"1","2","34","4"
"1","2","34","7"
"1","2","34","4"
"1","1","34","1"
"1","1","34","7"
"1","1","34","7"
"1","1","34","11"
"1","1","34","7"
"1","2","34","7"
"1","2","34","4"
"1","2","34","4"
"1","1","34","7"
"1","1","34","11"
"1","2","34","4"
"1","1","34","10"
"1","2","34","7"
"1","1","34","4"
"1","2","34","7"
"1","1","34","10"
"1","1","34","7"
"1","1","34","7"
"12","1","33","11"
"9","1","33","10"
"8","1","33","7"
"7","2","33","4"
"6","2","33","7"
"6","1","33","14"
"5","1","33","7"
"5","2","33","4"
"5","1","33","14"
"4","2","33","10"
"4","2","33","11"
"4","1","33","10"
"3","2","33","3"
"3","2","33","7"
"3","1","33","7"
"3","1","33","11"
"3","1","33","7"
"3","1","33","4"
"3","2","33","4"
"2","1","33","11"
"2","1","33","4"
"2","1","33","10"
"2","2","33","4"
"2","1","33","14"
"2","1","33","7"
"2","1","33","10"
"2","2","33","7"
"2","2","33","15"
"1","1","33","11"
"1","2","33","4"
"1","2","33","7"
"1","1","33","4"
"1","2","33","7"
"1","1","33","7"
"1","1","33","4"
"1","2","33","7"
"1","1","33","10"
"1","2","33","7"
"1","1","33","10"
"1","1","33","14"
"1","2","33","4"
"1","1","33","10"
"1","2","33","7"
"1","2","33","12"
"1","2","33","7"
"1","1","33","7"
"1","1","33","4"
"1","1","33","11"
"1","1","33","7"
"1","1","33","7"
"1","1","33","4"
"1","2","33","10"
"1","2","33","11"
"1","2","33","7"
"1","1","33","8"
"1","2","33","7"
"1","1","33","4"
"1","2","33","10"
"1","2","33","11"
"1","2","33","4"
"1","1","33","1"
"1","1","33","7"
"1","1","33","7"
"1","1","33","4"
"1","1","33","8"
"1","2","33","4"
"1","1","33","1"
"24","2","32","13"
"12","1","32","7"
"12","2","32","7"
"11","2","32","4"
"8","1","32","13"
"8","2","32","4"
"6","2","32","11"
"5","2","32","10"
"5","1","32","15"
"4","1","32","7"
"4","1","32","11"
"3","2","32","4"
"3","1","32","10"
"3","1","32","7"
"3","1","32","4"
"3","1","32","12"
"3","2","32","4"
"3","1","32","10"
"3","1","32","5"
"2","2","32","13"
"2","1","32","7"
"2","1","32","7"
"2","1","32","11"
"2","2","32","4"
"2","2","32","7"
"2","2","32","14"
"2","1","32","10"
"2","2","32","4"
"2","1","32","10"
"2","1","32","4"
"2","1","32","11"
"1","1","32","10"
"1","1","32","10"
"1","2","32","4"
"1","1","32","4"
"1","1","32","10"
"1","2","32","13"
"1","2","32","4"
"1","1","32","11"
"1","1","32","7"
"1","2","32","7"
"1","2","32","4"
"1","2","32","7"
"1","2","32","14"
"1","1","32","10"
"1","1","32","4"
"1","2","32","4"
"1","2","32","7"
"1","2","32","4"
"1","1","32","7"
"1","1","32","1"
"1","1","32","4"
"1","1","32","10"
"1","1","32","14"
"1","1","32","7"
"1","1","32","7"
"1","1","32","4"
"1","1","32","7"
"1","2","32","10"
"1","1","32","13"
"1","2","32","7"
"1","2","32","4"
"1","1","32","14"
"1","1","32","7"
"1","1","32","7"
"1","1","32","7"
"1","1","32","11"
"1","1","32","4"
"1","1","32","4"
"1","1","32","11"
"1","1","32","11"
"1","1","32","4"
"1","2","32","10"
"1","1","32","10"
"12","2","31","7"
"10","1","31","7"
"9","2","31","14"
"5","1","31","14"
"5","1","31","11"
"4","1","31","14"
"4","1","31","7"
"4","1","31","4"
"4","2","31","7"
"4","1","31","7"
"3","2","31","11"
"3","2","31","7"
"3","2","31","4"
"3","2","31","4"
"3","1","31","11"
"3","1","31","1"
"3","1","31","14"
"2","1","31","13"
"2","1","31","4"
"2","1","31","4"
"2","1","31","11"
"2","1","31","7"
"2","1","31","7"
"2","1","31","11"
"2","1","31","13"
"2","2","31","7"
"2","2","31","11"
"2","2","31","10"
"2","2","31","4"
"2","1","31","11"
"1","1","31","1"
"1","2","31","4"
"1","1","31","7"
"1","1","31","4"
"1","1","31","11"
"1","1","31","7"
"1","2","31","7"
"1","2","31","10"
"1","1","31","7"
"1","2","31","7"
"1","1","31","4"
"1","1","31","10"
"1","2","31","11"
"1","2","31","7"
"1","2","31","11"
"1","1","31","4"
"1","2","31","7"
"1","1","31","4"
"1","2","31","14"
"1","2","31","4"
"1","1","31","4"
"1","2","31","4"
"1","2","31","7"
"1","2","31","1"
"1","1","31","7"
"1","1","31","4"
"1","2","31","4"
"1","2","31","7"
"1","2","31","10"
"1","1","31","4"
"1","2","31","4"
"1","1","31","4"
"1","2","31","7"
"1","1","31","11"
"1","1","31","14"
"25","1","30","4"
"12","1","30","14"
"12","1","30","14"
"6","1","30","14"
"6","2","30","4"
"6","1","30","11"
"5","1","30","11"
"4","1","30","7"
"3","1","30","10"
"3","1","30","10"
"3","1","30","4"
"2","2","30","7"
"2","2","30","10"
"2","1","30","10"
"2","1","30","4"
"2","1","30","10"
"2","1","30","11"
"2","1","30","7"
"2","1","30","10"
"2","1","30","14"
"2","2","30","14"
"1","2","30","4"
"1","1","30","7"
"1","1","30","4"
"1","1","30","11"
"1","1","30","10"
"1","1","30","7"
"1","2","30","10"
"1","2","30","1"
"1","2","30","4"
"1","2","30","7"
"1","2","30","11"
"1","1","30","10"
"1","1","30","11"
"1","2","30","4"
"1","1","30","7"
"1","1","30","11"
"1","1","30","4"
"1","1","30","7"
"1","1","30","10"
"1","2","30","10"
"1","2","30","4"
"1","1","30","4"
"1","2","30","4"
"1","2","30","14"
"1","2","30","15"
"1","2","30","7"
"1","1","30","14"
"1","1","30","1"
"1","2","30","10"
"1","2","30","11"
"1","1","30","10"
"1","1","30","14"
"1","2","30","7"
"1","1","30","7"
"1","2","30","4"
"1","1","30","1"
"1","1","30","7"
"1","1","30","4"
"1","1","30","10"
"1","2","30","1"
"1","1","30","10"
"1","2","30","7"
"1","1","30","14"
"1","1","30","7"
"1","1","30","7"
"1","1","30","4"
"11","2","29","14"
"10","2","29","4"
"8","1","29","7"
"6","2","29","7"
"5","2","29","7"
"5","2","29","4"
"4","2","29","11"
"4","1","29","4"
"4","2","29","14"
"4","1","29","7"
"4","1","29","4"
"4","1","29","1"
"3","2","29","4"
"3","2","29","4"
"3","2","29","10"
"3","1","29","11"
"3","2","29","7"
"3","1","29","7"
"2","1","29","4"
"2","2","29","14"
"2","2","29","7"
"2","1","29","11"
"2","2","29","10"
"2","1","29","10"
"2","2","29","10"
"2","2","29","4"
"2","1","29","7"
"2","1","29","10"
"2","1","29","7"
"2","2","29","11"
"2","2","29","4"
"2","2","29","10"
"2","1","29","4"
"2","2","29","7"
"2","1","29","4"
"2","1","29","1"
"1","1","29","13"
"1","2","29","7"
"1","1","29","7"
"1","2","29","4"
"1","1","29","11"
"1","1","29","4"
"1","2","29","4"
"1","2","29","10"
"1","1","29","7"
"1","1","29","10"
"1","1","29","4"
"1","2","29","7"
"1","2","29","4"
"1","1","29","4"
"1","1","29","7"
"1","1","29","10"
"1","1","29","4"
"1","2","29","4"
"1","2","29","4"
"1","1","29","11"
"1","1","29","11"
"1","2","29","7"
"1","2","29","7"
"1","1","29","11"
"1","2","29","10"
"1","1","29","11"
"1","1","29","11"
"1","1","29","7"
"1","2","29","14"
"1","1","29","10"
"1","2","29","4"
"1","2","29","4"
"1","1","29","4"
"1","2","29","11"
"1","2","29","7"
"1","2","29","7"
"1","1","29","10"
"1","2","29","11"
"1","1","29","4"
"1","2","29","8"
"1","2","29","7"
"1","1","29","7"
"1","1","29","4"
"1","1","29","4"
"1","1","29","1"
"1","2","29","10"
"1","2","29","7"
"1","1","29","4"
"1","2","29","10"
"1","1","29","7"
"1","1","29","11"
"1","1","29","11"
"18","2","28","10"
"12","1","28","10"
"12","1","28","7"
"12","1","28","11"
"10","2","28","14"
"10","1","28","14"
"10","1","28","10"
"7","1","28","1"
"6","2","28","14"
"6","2","28","4"
"6","1","28","11"
"5","2","28","14"
"5","1","28","4"
"5","1","28","7"
"5","1","28","15"
"4","1","28","11"
"4","1","28","10"
"3","1","28","10"
"3","2","28","4"
"3","1","28","7"
"3","2","28","14"
"3","1","28","15"
"3","1","28","10"
"3","1","28","13"
"3","2","28","10"
"3","1","28","1"
"2","2","28","4"
"2","2","28","10"
"2","1","28","14"
"2","2","28","4"
"2","2","28","14"
"2","1","28","14"
"2","1","28","4"
"2","1","28","4"
"2","1","28","15"
"2","2","28","7"
"2","2","28","7"
"2","1","28","4"
"2","2","28","13"
"2","2","28","7"
"2","1","28","1"
"2","2","28","7"
"2","1","28","1"
"2","2","28","7"
"2","1","28","14"
"2","2","28","7"
"2","2","28","7"
"2","1","28","11"
"2","1","28","4"
"2","1","28","13"
"2","1","28","7"
"1","2","28","11"
"1","1","28","4"
"1","1","28","13"
"1","2","28","4"
"1","2","28","11"
"1","1","28","11"
"1","1","28","4"
"1","1","28","10"
"1","1","28","10"
"1","1","28","7"
"1","1","28","10"
"1","1","28","11"
"1","1","28","11"
"1","2","28","7"
"1","2","28","7"
"1","1","28","14"
"1","2","28","11"
"1","2","28","7"
"1","1","28","7"
"1","1","28","4"
"1","1","28","7"
"1","2","28","10"
"1","2","28","10"
"1","2","28","4"
"1","1","28","4"
"1","2","28","7"
"1","1","28","4"
"1","1","28","1"
"1","1","28","11"
"1","1","28","4"
"1","1","28","4"
"1","1","28","4"
"12","2","27","4"
"12","1","27","10"
"12","1","27","11"
"10","2","27","4"
"10","1","27","14"
"6","2","27","14"
"6","1","27","10"
"6","1","27","7"
"6","1","27","1"
"6","1","27","14"
"5","2","27","14"
"5","1","27","11"
"5","1","27","10"
"5","1","27","11"
"4","2","27","11"
"4","2","27","4"
"3","2","27","4"
"3","2","27","4"
"3","1","27","8"
"3","1","27","4"
"3","2","27","14"
"3","1","27","4"
"3","1","27","11"
"3","1","27","10"
"3","1","27","14"
"3","2","27","4"
"3","1","27","7"
"3","1","27","8"
"2","1","27","10"
"2","1","27","4"
"2","2","27","14"
"2","1","27","10"
"2","1","27","13"
"2","2","27","7"
"2","1","27","7"
"2","2","27","4"
"2","1","27","11"
"2","1","27","11"
"1","1","27","7"
"1","1","27","11"
"1","1","27","4"
"1","2","27","14"
"1","2","27","7"
"1","2","27","7"
"1","1","27","4"
"1","1","27","4"
"1","1","27","7"
"1","2","27","7"
"1","1","27","11"
"1","2","27","7"
"1","1","27","4"
"1","1","27","14"
"1","1","27","4"
"1","2","27","7"
"1","2","27","13"
"1","1","27","11"
"1","1","27","11"
"1","1","27","14"
"1","1","27","10"
"1","1","27","7"
"1","1","27","7"
"1","1","27","7"
"1","1","27","10"
"1","1","27","11"
"1","2","27","7"
"1","1","27","11"
"1","2","27","4"
"1","2","27","7"
"1","1","27","7"
"1","1","27","7"
"1","1","27","4"
"1","1","27","8"
"1","1","27","11"
"1","1","27","10"
"1","1","27","13"
"84","1","26","10"
"24","2","26","14"
"12","1","26","10"
"12","2","26","11"
"11","1","26","11"
"10","1","26","11"
"10","1","26","11"
"8","1","26","10"
"8","1","26","14"
"7","1","26","11"
"6","2","26","11"
"6","1","26","7"
"6","1","26","4"
"6","1","26","13"
"6","1","26","11"
"6","1","26","5"
"6","1","26","10"
"6","1","26","10"
"6","1","26","10"
"5","1","26","11"
"5","1","26","14"
"5","1","26","11"
"5","1","26","11"
"4","2","26","2"
"4","2","26","12"
"4","1","26","1"
"4","1","26","7"
"4","1","26","4"
"3","1","26","11"
"3","2","26","7"
"3","2","26","14"
"3","1","26","10"
"3","1","26","7"
"3","1","26","14"
"3","1","26","10"
"3","1","26","14"
"3","1","26","10"
"3","1","26","7"
"2","1","26","14"
"2","2","26","7"
"2","2","26","11"
"2","1","26","14"
"2","2","26","10"
"2","1","26","11"
"2","1","26","11"
"2","2","26","7"
"2","1","26","11"
"2","1","26","11"
"2","1","26","14"
"2","1","26","11"
"2","2","26","7"
"2","1","26","14"
"2","1","26","7"
"2","1","26","4"
"2","1","26","11"
"2","1","26","11"
"2","1","26","11"
"2","1","26","4"
"2","2","26","14"
"1","2","26","11"
"1","2","26","10"
"1","2","26","10"
"1","1","26","10"
"1","1","26","4"
"1","1","26","7"
"1","1","26","4"
"1","1","26","11"
"1","1","26","11"
"1","2","26","7"
"1","2","26","7"
"1","1","26","11"
"1","1","26","8"
"1","1","26","7"
"1","1","26","11"
"1","1","26","7"
"1","1","26","1"
"1","1","26","13"
"1","2","26","14"
"1","1","26","7"
"1","2","26","13"
"1","2","26","7"
"1","2","26","13"
"1","1","26","1"
"1","2","26","11"
"1","1","26","7"
"1","2","26","1"
"1","1","26","14"
"1","2","26","11"
"1","1","26","11"
"1","2","26","14"
"1","1","26","4"
"1","1","26","7"
"1","2","26","14"
"1","1","26","4"
"1","2","26","7"
"1","2","26","7"
"1","1","26","7"
"1","2","26","7"
"1","2","26","7"
"1","1","26","14"
"1","2","26","10"
"1","1","26","1"
"1","2","26","7"
"1","1","26","7"
"1","1","26","7"
"1","1","26","1"
"1","2","26","12"
"1","2","26","14"
"1","1","26","4"
"1","1","26","7"
"1","2","26","14"
"1","1","26","10"
"1","1","26","7"
"1","1","26","11"
"1","2","26","14"
"1","2","26","7"
"1","1","26","4"
"1","1","26","7"
"1","1","26","10"
"1","1","26","4"
"1","1","26","7"
"1","1","26","11"
"1","1","26","14"
"1","1","26","11"
"1","1","26","10"
"12","1","25","14"
"12","1","25","11"
"12","2","25","14"
"12","2","25","10"
"12","1","25","11"
"12","1","25","7"
"11","2","25","13"
"8","1","25","14"
"7","1","25","7"
"6","1","25","10"
"6","2","25","14"
"6","1","25","14"
"6","2","25","10"
"6","2","25","11"
"6","1","25","14"
"5","1","25","10"
"5","1","25","7"
"5","1","25","11"
"5","1","25","11"
"5","1","25","14"
"4","1","25","11"
"3","2","25","14"
"3","1","25","7"
"3","2","25","14"
"3","1","25","14"
"3","1","25","7"
"3","2","25","4"
"3","2","25","14"
"3","1","25","11"
"3","1","25","11"
"3","2","25","11"
"3","2","25","10"
"3","1","25","10"
"3","1","25","4"
"2","1","25","11"
"2","1","25","7"
"2","2","25","10"
"2","2","25","14"
"2","1","25","7"
"2","2","25","7"
"2","2","25","11"
"2","1","25","13"
"2","1","25","14"
"2","1","25","7"
"2","1","25","4"
"2","1","25","14"
"2","2","25","10"
"2","2","25","4"
"2","1","25","11"
"2","2","25","4"
"2","1","25","11"
"2","1","25","11"
"2","2","25","13"
"2","1","25","10"
"2","2","25","14"
"2","1","25","11"
"2","1","25","7"
"2","1","25","8"
"2","1","25","14"
"1","2","25","14"
"1","2","25","13"
"1","1","25","11"
"1","1","25","14"
"1","2","25","7"
"1","1","25","4"
"1","1","25","1"
"1","2","25","11"
"1","1","25","4"
"1","1","25","7"
"1","1","25","11"
"1","1","25","7"
"1","1","25","14"
"1","2","25","7"
"1","1","25","11"
"1","1","25","11"
"1","2","25","7"
"1","1","25","8"
"1","1","25","10"
"1","1","25","14"
"1","1","25","13"
"1","2","25","11"
"1","1","25","11"
"1","1","25","7"
"1","1","25","10"
"1","1","25","10"
"1","1","25","14"
"1","1","25","14"
"1","1","25","10"
"1","1","25","11"
"1","2","25","4"
"1","1","25","7"
"1","2","25","13"
"1","2","25","10"
"1","1","25","14"
"1","2","25","10"
"1","1","25","11"
"1","2","25","7"
"1","1","25","8"
"1","2","25","14"
"1","1","25","10"
"1","1","25","11"
"1","1","25","8"
"1","1","25","11"
"1","2","25","10"
"1","1","25","14"
"1","1","25","11"
"1","2","25","11"
"1","1","25","11"
"1","1","25","11"
"1","1","25","7"
"1","1","25","7"
"1","1","25","4"
"1","2","25","11"
"1","1","25","10"
"1","1","25","14"
"1","1","25","7"
"1","1","25","14"
"1","1","25","7"
"1","1","25","11"
"1","1","25","7"
"1","1","25","11"
"1","1","25","11"
"1","1","25","4"
"1","1","25","10"
"24","1","24","4"
"12","1","24","7"
"12","2","24","14"
"12","1","24","4"
"12","1","24","13"
"12","2","24","11"
"12","1","24","4"
"10","2","24","14"
"10","2","24","4"
"9","1","24","10"
"9","1","24","10"
"8","2","24","14"
"8","2","24","14"
"6","1","24","4"
"6","1","24","14"
"6","1","24","7"
"6","1","24","14"
"6","1","24","11"
"6","2","24","10"
"5","1","24","11"
"5","2","24","10"
"4","1","24","14"
"4","1","24","14"
"4","1","24","14"
"4","1","24","7"
"3","1","24","14"
"3","1","24","14"
"3","1","24","4"
"3","2","24","7"
"3","1","24","7"
"3","1","24","11"
"3","1","24","14"
"3","1","24","10"
"3","2","24","13"
"3","2","24","7"
"3","2","24","7"
"2","1","24","4"
"2","2","24","11"
"2","2","24","7"
"2","1","24","11"
"2","2","24","10"
"2","1","24","11"
"2","2","24","11"
"2","1","24","7"
"2","1","24","10"
"2","2","24","13"
"2","1","24","14"
"2","1","24","10"
"2","1","24","1"
"2","1","24","10"
"2","1","24","11"
"2","1","24","10"
"2","1","24","7"
"2","1","24","1"
"2","1","24","1"
"2","1","24","14"
"1","1","24","11"
"1","2","24","14"
"1","2","24","11"
"1","1","24","7"
"1","1","24","7"
"1","1","24","11"
"1","2","24","10"
"1","2","24","7"
"1","1","24","14"
"1","1","24","1"
"1","2","24","5"
"1","2","24","14"
"1","1","24","7"
"1","2","24","11"
"1","1","24","14"
"1","1","24","11"
"1","2","24","7"
"1","2","24","14"
"1","1","24","4"
"1","1","24","11"
"1","1","24","7"
"1","1","24","7"
"1","1","24","4"
"1","1","24","7"
"1","1","24","12"
"1","1","24","7"
"1","1","24","14"
"1","2","24","10"
"1","1","24","7"
"1","2","24","10"
"1","1","24","4"
"1","1","24","7"
"1","1","24","7"
"1","1","24","7"
"1","1","24","10"
"1","2","24","7"
"1","2","24","10"
"1","1","24","11"
"1","1","24","14"
"1","1","24","14"
"1","2","24","7"
"1","1","24","4"
"1","2","24","14"
"1","1","24","11"
"1","1","24","7"
"1","1","24","10"
"1","2","24","10"
"1","1","24","10"
"1","2","24","1"
"1","2","24","11"
"1","2","24","14"
"1","2","24","10"
"1","1","24","8"
"1","1","24","11"
"1","2","24","14"
"1","1","24","13"
"1","1","24","7"
"1","1","24","7"
"1","2","24","14"
"1","1","24","11"
"1","2","24","14"
"1","1","24","7"
"1","1","24","10"
"1","1","24","4"
"1","1","24","7"
"36","1","23","11"
"24","1","23","11"
"12","1","23","14"
"12","1","23","11"
"11","1","23","11"
"10","1","23","11"
"10","2","23","10"
"10","1","23","7"
"8","1","23","11"
"8","1","23","11"
"7","2","23","10"
"7","2","23","14"
"6","2","23","14"
"6","1","23","10"
"6","2","23","13"
"6","1","23","10"
"6","1","23","14"
"6","2","23","11"
"5","1","23","14"
"5","2","23","14"
"5","2","23","14"
"5","1","23","11"
"4","2","23","10"
"4","1","23","10"
"4","2","23","14"
"4","2","23","14"
"3","1","23","11"
"3","2","23","11"
"3","1","23","11"
"3","1","23","11"
"3","1","23","7"
"3","2","23","14"
"3","2","23","11"
"3","2","23","10"
"3","1","23","11"
"3","1","23","1"
"3","1","23","10"
"3","1","23","10"
"2","1","23","11"
"2","2","23","11"
"2","2","23","10"
"2","1","23","4"
"2","1","23","7"
"2","1","23","14"
"2","1","23","11"
"2","1","23","14"
"2","1","23","5"
"2","1","23","10"
"2","2","23","14"
"2","1","23","11"
"2","2","23","13"
"2","1","23","10"
"2","1","23","11"
"2","2","23","14"
"2","2","23","10"
"2","1","23","7"
"2","1","23","11"
"2","1","23","7"
"2","2","23","11"
"2","2","23","14"
"2","1","23","11"
"2","1","23","14"
"2","1","23","7"
"2","1","23","4"
"2","1","23","10"
"1","1","23","7"
"1","2","23","10"
"1","2","23","14"
"1","1","23","7"
"1","1","23","4"
"1","2","23","14"
"1","2","23","11"
"1","2","23","13"
"1","2","23","14"
"1","1","23","11"
"1","2","23","7"
"1","1","23","10"
"1","2","23","10"
"1","1","23","11"
"1","1","23","11"
"1","2","23","4"
"1","2","23","10"
"1","2","23","4"
"1","2","23","11"
"1","2","23","7"
"1","1","23","11"
"1","2","23","14"
"1","1","23","4"
"1","1","23","11"
"1","2","23","14"
"1","1","23","14"
"1","1","23","10"
"1","1","23","10"
"1","1","23","14"
"1","1","23","10"
"1","2","23","14"
"1","1","23","11"
"1","2","23","11"
"1","2","23","14"
"1","1","23","4"
"1","2","23","13"
"1","2","23","11"
"1","1","23","14"
"1","2","23","4"
"1","2","23","14"
"1","2","23","14"
"1","1","23","4"
"1","1","23","14"
"1","1","23","7"
"1","1","23","10"
"1","2","23","8"
"1","1","23","11"
"1","1","23","11"
"1","2","23","10"
"1","2","23","11"
"1","1","23","13"
"1","1","23","14"
"1","2","23","10"
"1","2","23","4"
"1","2","23","7"
"1","1","23","4"
"1","2","23","4"
"1","2","23","14"
"1","2","23","11"
"1","2","23","7"
"1","1","23","11"
"1","1","23","14"
"1","1","23","10"
"1","2","23","11"
"1","1","23","7"
"1","1","23","4"
"1","1","23","11"
"1","1","23","14"
"1","1","23","8"
"1","1","23","14"
"1","1","23","11"
"1","1","23","10"
"1","1","23","7"
"28","1","22","11"
"18","1","22","11"
"12","2","22","11"
"12","1","22","11"
"12","1","22","11"
"12","1","22","4"
"10","1","22","11"
"10","1","22","10"
"10","1","22","7"
"9","1","22","11"
"8","1","22","7"
"8","1","22","11"
"8","1","22","13"
"7","1","22","11"
"7","1","22","11"
"6","1","22","7"
"6","1","22","10"
"6","1","22","14"
"6","2","22","7"
"6","2","22","14"
"5","1","22","11"
"5","1","22","11"
"5","1","22","7"
"4","2","22","1"
"4","1","22","10"
"4","2","22","7"
"3","1","22","7"
"3","2","22","7"
"3","2","22","10"
"3","1","22","10"
"3","1","22","4"
"3","1","22","10"
"3","1","22","10"
"3","1","22","11"
"3","1","22","10"
"3","1","22","4"
"3","1","22","7"
"3","1","22","7"
"3","2","22","11"
"3","1","22","4"
"3","1","22","10"
"3","2","22","13"
"3","2","22","11"
"3","1","22","11"
"3","1","22","11"
"2","2","22","13"
"2","1","22","4"
"2","2","22","11"
"2","2","22","10"
"2","2","22","13"
"2","1","22","11"
"2","1","22","10"
"2","1","22","11"
"2","2","22","11"
"2","2","22","14"
"2","2","22","14"
"2","1","22","11"
"2","2","22","7"
"2","1","22","14"
"2","1","22","11"
"2","1","22","11"
"2","1","22","11"
"2","1","22","11"
"2","2","22","11"
"2","1","22","10"
"2","2","22","14"
"2","2","22","10"
"2","1","22","14"
"2","2","22","11"
"2","1","22","7"
"2","2","22","14"
"2","2","22","11"
"2","2","22","13"
"2","2","22","14"
"2","1","22","11"
"2","1","22","11"
"2","1","22","10"
"1","1","22","11"
"1","2","22","11"
"1","1","22","14"
"1","2","22","1"
"1","2","22","11"
"1","1","22","7"
"1","1","22","10"
"1","2","22","11"
"1","1","22","4"
"1","2","22","10"
"1","1","22","11"
"1","1","22","11"
"1","1","22","8"
"1","1","22","7"
"1","1","22","11"
"1","2","22","14"
"1","1","22","11"
"1","2","22","7"
"1","2","22","13"
"1","1","22","4"
"1","2","22","7"
"1","2","22","10"
"1","1","22","10"
"1","2","22","7"
"1","1","22","11"
"1","2","22","7"
"1","1","22","7"
"1","1","22","4"
"1","1","22","11"
"1","1","22","11"
"1","2","22","11"
"1","2","22","4"
"1","2","22","11"
"1","2","22","14"
"1","1","22","11"
"1","1","22","11"
"1","2","22","11"
"1","1","22","7"
"1","1","22","11"
"1","1","22","11"
"1","1","22","4"
"1","2","22","10"
"1","1","22","7"
"1","1","22","7"
"1","1","22","11"
"1","2","22","10"
"1","1","22","4"
"1","1","22","10"
"1","2","22","2"
"1","1","22","10"
"1","1","22","10"
"1","1","22","14"
"1","1","22","10"
"1","1","22","11"
"1","1","22","11"
"1","1","22","10"
"1","1","22","10"
"1","2","22","7"
"1","2","22","7"
"1","1","22","11"
"1","2","22","14"
"1","1","22","11"
"1","1","22","7"
"1","2","22","14"
"1","1","22","7"
"1","1","22","7"
"1","1","22","14"
"1","2","22","10"
"1","1","22","4"
"1","1","22","11"
"1","2","22","13"
"1","1","22","11"
"1","1","22","4"
"1","1","22","10"
"1","2","22","11"
"1","2","22","10"
"1","1","22","11"
"1","2","22","11"
"1","1","22","1"
"1","2","22","14"
"1","1","22","7"
"1","2","22","10"
"1","2","22","14"
"1","1","22","7"
"1","1","22","8"
"1","2","22","10"
"1","2","22","11"
"1","1","22","10"
"1","1","22","4"
"1","1","22","11"
"1","1","22","4"
"1","1","22","11"
"1","1","22","10"
"24","1","21","10"
"14","1","21","10"
"12","2","21","11"
"12","1","21","10"
"12","1","21","11"
"12","2","21","10"
"12","2","21","10"
"8","1","21","10"
"6","2","21","11"
"6","2","21","7"
"6","1","21","11"
"6","2","21","10"
"6","1","21","1"
"6","1","21","11"
"6","1","21","11"
"6","2","21","11"
"6","1","21","11"
"6","1","21","11"
"6","1","21","10"
"6","1","21","7"
"5","2","21","11"
"5","2","21","7"
"5","1","21","7"
"4","2","21","11"
"4","1","21","10"
"4","1","21","7"
"4","1","21","10"
"3","1","21","7"
"3","1","21","11"
"3","2","21","14"
"3","1","21","11"
"3","1","21","10"
"3","2","21","11"
"3","2","21","10"
"3","1","21","11"
"3","1","21","10"
"3","1","21","11"
"3","1","21","7"
"3","2","21","11"
"3","1","21","11"
"3","2","21","10"
"3","2","21","14"
"2","2","21","11"
"2","1","21","7"
"2","1","21","10"
"2","1","21","11"
"2","1","21","11"
"2","1","21","7"
"2","1","21","11"
"2","2","21","10"
"2","2","21","10"
"2","2","21","13"
"2","2","21","11"
"2","2","21","13"
"2","1","21","7"
"2","1","21","11"
"2","1","21","10"
"2","2","21","10"
"2","2","21","11"
"2","2","21","10"
"2","1","21","11"
"2","2","21","11"
"2","2","21","11"
"2","1","21","4"
"2","1","21","4"
"2","1","21","11"
"2","1","21","4"
"2","1","21","4"
"2","1","21","10"
"2","2","21","11"
"1","1","21","4"
"1","2","21","13"
"1","2","21","7"
"1","2","21","11"
"1","1","21","7"
"1","1","21","10"
"1","1","21","11"
"1","1","21","11"
"1","1","21","1"
"1","2","21","10"
"1","1","21","4"
"1","1","21","7"
"1","2","21","11"
"1","2","21","13"
"1","1","21","7"
"1","2","21","7"
"1","1","21","7"
"1","1","21","7"
"1","2","21","11"
"1","2","21","10"
"1","1","21","11"
"1","2","21","10"
"1","1","21","11"
"1","1","21","7"
"1","2","21","11"
"1","2","21","10"
"1","2","21","11"
"1","1","21","11"
"1","1","21","7"
"1","2","21","4"
"1","2","21","7"
"1","2","21","11"
"1","2","21","11"
"1","2","21","4"
"1","1","21","11"
"1","1","21","11"
"1","1","21","4"
"1","1","21","7"
"1","2","21","10"
"1","2","21","10"
"1","2","21","11"
"1","1","21","10"
"1","1","21","11"
"1","1","21","8"
"1","1","21","7"
"1","1","21","10"
"1","1","21","11"
"1","2","21","10"
"1","2","21","11"
"1","1","21","11"
"1","2","21","11"
"1","2","21","10"
"1","1","21","11"
"1","1","21","1"
"1","2","21","10"
"1","1","21","7"
"1","1","21","10"
"1","1","21","10"
"1","2","21","11"
"1","1","21","7"
"1","2","21","11"
"1","2","21","11"
"1","1","21","11"
"20","2","20","11"
"17","1","20","10"
"12","2","20","11"
"12","1","20","4"
"12","2","20","11"
"12","2","20","11"
"12","2","20","11"
"12","1","20","11"
"10","1","20","10"
"10","1","20","11"
"9","1","20","11"
"9","1","20","7"
"8","2","20","7"
"7","2","20","11"
"7","1","20","10"
"7","2","20","7"
"7","1","20","11"
"7","1","20","11"
"6","2","20","11"
"6","2","20","10"
"6","1","20","11"
"6","2","20","11"
"6","1","20","11"
"5","1","20","13"
"5","2","20","4"
"5","1","20","11"
"5","2","20","10"
"4","2","20","11"
"4","1","20","11"
"4","1","20","4"
"4","1","20","10"
"4","2","20","11"
"4","2","20","10"
"4","2","20","4"
"4","2","20","10"
"4","2","20","11"
"4","2","20","11"
"3","2","20","10"
"3","2","20","11"
"3","1","20","11"
"3","2","20","11"
"3","1","20","11"
"3","1","20","7"
"3","2","20","11"
"3","1","20","11"
"3","2","20","11"
"3","1","20","11"
"3","2","20","10"
"3","1","20","11"
"3","2","20","11"
"3","1","20","11"
"3","1","20","10"
"3","1","20","11"
"3","1","20","7"
"3","1","20","4"
"3","2","20","10"
"3","1","20","7"
"3","1","20","11"
"3","1","20","11"
"3","1","20","7"
"2","2","20","10"
"2","2","20","10"
"2","2","20","11"
"2","2","20","11"
"2","1","20","11"
"2","1","20","11"
"2","1","20","11"
"2","1","20","11"
"2","2","20","4"
"2","1","20","7"
"2","1","20","2"
"2","1","20","1"
"2","2","20","10"
"2","2","20","10"
"2","1","20","11"
"2","1","20","11"
"2","1","20","11"
"2","2","20","11"
"2","2","20","7"
"2","1","20","11"
"2","2","20","11"
"2","2","20","11"
"2","1","20","10"
"2","1","20","11"
"2","1","20","7"
"2","1","20","11"
"2","1","20","10"
"2","2","20","7"
"2","2","20","11"
"2","2","20","11"
"2","2","20","11"
"2","2","20","11"
"2","1","20","10"
"2","1","20","11"
"2","2","20","11"
"2","1","20","4"
"2","2","20","10"
"2","1","20","4"
"2","1","20","10"
"2","1","20","4"
"1","2","20","10"
"1","1","20","11"
"1","1","20","4"
"1","2","20","10"
"1","1","20","4"
"1","2","20","7"
"1","1","20","8"
"1","2","20","11"
"1","2","20","7"
"1","1","20","10"
"1","1","20","10"
"1","2","20","10"
"1","2","20","7"
"1","2","20","11"
"1","2","20","10"
"1","2","20","10"
"1","2","20","11"
"1","1","20","11"
"1","2","20","10"
"1","1","20","10"
"1","1","20","7"
"1","1","20","7"
"1","2","20","7"
"1","2","20","11"
"1","2","20","10"
"1","2","20","10"
"1","1","20","10"
"1","1","20","10"
"1","2","20","7"
"1","2","20","7"
"1","1","20","10"
"1","2","20","10"
"1","2","20","10"
"1","2","20","11"
"1","1","20","11"
"1","2","20","10"
"1","2","20","11"
"1","1","20","11"
"1","2","20","10"
"1","1","20","10"
"1","1","20","11"
"1","2","20","11"
"1","2","20","11"
"1","2","20","10"
"1","2","20","7"
"1","2","20","10"
"1","2","20","11"
"1","1","20","7"
"1","1","20","11"
"1","1","20","7"
"1","1","20","10"
"1","1","20","11"
"1","2","20","11"
"1","1","20","7"
"1","1","20","11"
"1","2","20","10"
"1","1","20","1"
"1","1","20","11"
"1","2","20","10"
"1","1","20","7"
"1","2","20","7"
"1","2","20","10"
"1","2","20","10"
"1","2","20","11"
"1","1","20","7"
"1","1","20","11"
"1","1","20","10"
"1","2","20","10"
"1","1","20","11"
"1","2","20","10"
"1","1","20","11"
"1","2","20","11"
"1","1","20","1"
"1","1","20","11"
"1","2","20","10"
"1","1","20","10"
"12","2","19","7"
"12","2","19","10"
"12","2","19","10"
"12","2","19","4"
"12","2","19","11"
"12","1","19","7"
"12","1","19","11"
"9","2","19","11"
"8","1","19","11"
"8","2","19","11"
"7","2","19","10"
"7","1","19","11"
"6","2","19","10"
"6","1","19","11"
"6","2","19","11"
"6","1","19","10"
"6","2","19","11"
"6","2","19","11"
"6","2","19","11"
"6","1","19","11"
"6","1","19","10"
"6","1","19","11"
"6","2","19","11"
"5","1","19","7"
"5","1","19","4"
"5","2","19","11"
"5","1","19","11"
"5","2","19","10"
"5","1","19","11"
"4","1","19","10"
"4","1","19","10"
"4","2","19","11"
"4","1","19","7"
"4","2","19","10"
"4","1","19","11"
"4","1","19","11"
"4","2","19","11"
"3","1","19","7"
"3","1","19","10"
"3","2","19","7"
"3","2","19","10"
"3","2","19","11"
"3","1","19","11"
"3","2","19","7"
"3","2","19","10"
"3","1","19","11"
"3","2","19","10"
"3","1","19","11"
"3","1","19","11"
"3","2","19","11"
"3","2","19","11"
"3","2","19","10"
"3","1","19","7"
"3","1","19","10"
"3","2","19","10"
"3","1","19","11"
"3","1","19","4"
"3","1","19","11"
"3","1","19","11"
"3","1","19","11"
"3","1","19","11"
"2","2","19","11"
"2","1","19","11"
"2","1","19","10"
"2","1","19","7"
"2","1","19","10"
"2","2","19","7"
"2","2","19","10"
"2","2","19","7"
"2","2","19","10"
"2","1","19","11"
"2","2","19","7"
"2","2","19","11"
"2","1","19","10"
"2","2","19","10"
"2","2","19","11"
"2","2","19","11"
"2","1","19","4"
"2","2","19","10"
"2","1","19","10"
"2","2","19","11"
"2","2","19","7"
"2","1","19","11"
"2","2","19","11"
"2","2","19","10"
"2","2","19","11"
"2","2","19","11"
"2","1","19","7"
"2","1","19","11"
"2","1","19","10"
"2","1","19","10"
"2","2","19","11"
"2","2","19","11"
"2","2","19","11"
"2","1","19","4"
"2","1","19","10"
"2","2","19","7"
"2","1","19","7"
"2","1","19","10"
"2","2","19","11"
"2","2","19","11"
"2","1","19","10"
"2","1","19","11"
"2","1","19","11"
"2","1","19","11"
"2","1","19","11"
"1","1","19","7"
"1","1","19","1"
"1","1","19","8"
"1","2","19","10"
"1","2","19","10"
"1","2","19","11"
"1","2","19","10"
"1","1","19","7"
"1","1","19","11"
"1","2","19","10"
"1","2","19","11"
"1","1","19","11"
"1","2","19","11"
"1","1","19","7"
"1","2","19","11"
"1","1","19","10"
"1","2","19","11"
"1","1","19","10"
"1","1","19","11"
"1","2","19","11"
"1","2","19","11"
"1","2","19","10"
"1","1","19","11"
"1","2","19","10"
"1","2","19","10"
"1","1","19","10"
"1","1","19","11"
"1","1","19","11"
"1","2","19","11"
"1","1","19","1"
"1","2","19","10"
"1","2","19","4"
"1","1","19","4"
"1","2","19","11"
"1","2","19","10"
"1","1","19","10"
"1","2","19","10"
"1","2","19","7"
"1","1","19","4"
"1","2","19","10"
"1","2","19","10"
"1","1","19","7"
"1","2","19","7"
"1","2","19","10"
"1","2","19","11"
"1","1","19","11"
"1","2","19","7"
"1","1","19","11"
"1","1","19","11"
"1","2","19","7"
"1","1","19","11"
"1","1","19","10"
"1","1","19","11"
"1","2","19","11"
"1","2","19","11"
"1","2","19","7"
"1","1","19","10"
"1","2","19","11"
"1","1","19","11"
"1","1","19","11"
"1","1","19","11"
"1","2","19","11"
"1","2","19","11"
"1","2","19","11"
"1","2","19","11"
"1","2","19","7"
"1","2","19","4"
"1","2","19","7"
"1","2","19","10"
"1","2","19","10"
"1","2","19","10"
"1","2","19","7"
"1","2","19","7"
"1","2","19","10"
"1","1","19","11"
"1","1","19","11"
"1","1","19","10"
"1","2","19","7"
"1","1","19","4"
"1","1","19","11"
"1","2","19","10"
"1","1","19","7"
"1","2","19","11"
"1","2","19","11"
"1","2","19","10"
"1","2","19","7"
"1","2","19","10"
"1","1","19","11"
"1","2","19","11"
"1","2","19","11"
"1","2","19","11"
"1","1","19","10"
"1","2","19","10"
"1","1","19","11"
"1","1","19","11"
"1","1","19","10"
"1","1","19","11"
"1","2","19","10"
"1","1","19","10"
"1","2","19","11"
"1","1","19","11"
"1","2","19","10"
"1","1","19","7"
"1","1","19","10"
"1","1","19","10"
"1","1","19","7"
"1","1","19","11"
"12","1","18","7"
"12","2","18","7"
"12","1","18","11"
"12","2","18","11"
"8","1","18","10"
"6","1","18","4"
"6","2","18","10"
"6","1","18","7"
"6","2","18","11"
"5","1","18","7"
"5","1","18","7"
"5","2","18","10"
"5","1","18","7"
"5","1","18","7"
"4","1","18","7"
"4","2","18","11"
"4","2","18","10"
"4","1","18","11"
"4","1","18","11"
"4","2","18","11"
"4","1","18","7"
"4","2","18","11"
"3","2","18","11"
"3","2","18","7"
"3","2","18","10"
"3","2","18","11"
"3","1","18","11"
"3","1","18","7"
"3","1","18","7"
"3","2","18","11"
"3","1","18","11"
"3","2","18","10"
"3","2","18","11"
"3","2","18","11"
"3","2","18","7"
"3","2","18","7"
"2","1","18","11"
"2","2","18","11"
"2","2","18","11"
"2","2","18","11"
"2","1","18","11"
"2","1","18","11"
"2","2","18","7"
"2","2","18","11"
"2","2","18","11"
"2","2","18","11"
"2","1","18","11"
"2","1","18","10"
"2","2","18","7"
"2","2","18","11"
"2","2","18","10"
"2","1","18","11"
"2","2","18","10"
"2","2","18","11"
"2","1","18","11"
"2","2","18","10"
"2","1","18","11"
"2","2","18","7"
"2","1","18","10"
"2","1","18","10"
"2","2","18","11"
"2","2","18","10"
"2","2","18","10"
"2","1","18","11"
"2","2","18","10"
"2","2","18","11"
"2","2","18","11"
"2","1","18","11"
"2","1","18","11"
"2","1","18","11"
"2","1","18","11"
"1","1","18","10"
"1","2","18","10"
"1","2","18","10"
"1","2","18","10"
"1","2","18","11"
"1","2","18","11"
"1","2","18","11"
"1","1","18","11"
"1","2","18","10"
"1","1","18","7"
"1","2","18","10"
"1","2","18","10"
"1","2","18","8"
"1","1","18","11"
"1","1","18","11"
"1","2","18","11"
"1","2","18","10"
"1","1","18","7"
"1","2","18","10"
"1","2","18","7"
"1","2","18","11"
"1","2","18","11"
"1","2","18","11"
"1","2","18","10"
"1","2","18","10"
"1","2","18","11"
"1","2","18","11"
"1","1","18","7"
"1","2","18","11"
"1","2","18","11"
"1","2","18","11"
"1","1","18","11"
"1","1","18","11"
"1","2","18","11"
"1","1","18","11"
"1","1","18","4"
"1","2","18","10"
"1","1","18","11"
"1","1","18","11"
"1","2","18","11"
"1","2","18","11"
"1","2","18","10"
"1","1","18","7"
"1","2","18","11"
"1","2","18","10"
"1","2","18","11"
"1","1","18","10"
"1","2","18","10"
"1","2","18","11"
"1","2","18","10"
"1","1","18","7"
"1","2","18","7"
"1","1","18","11"
"1","2","18","10"
"1","2","18","11"
"1","2","18","11"
"1","1","18","4"
"1","2","18","10"
"1","1","18","10"
"1","1","18","7"
"1","1","18","10"
"1","2","18","11"
"1","1","18","7"
"1","1","18","10"
"1","2","18","10"
"1","1","18","11"
"1","2","18","7"
"1","1","18","11"
"1","1","18","11"
"1","2","18","11"
"1","2","18","10"
"1","2","18","10"
"1","2","18","11"
"1","2","18","10"
"1","2","18","10"
"1","1","18","11"
"1","2","18","11"
"1","1","18","7"
"1","1","18","11"
"1","2","18","11"
"1","2","18","11"
"1","2","18","11"
"1","1","18","7"
"1","2","18","10"
"1","2","18","11"
"1","2","18","10"
"1","1","18","11"
"1","2","18","11"
"1","1","18","11"
"1","2","18","10"
"1","2","18","10"
"1","2","18","11"
"1","2","18","7"
"1","2","18","11"
"1","2","18","10"
"1","1","18","11"
"1","1","18","10"
"1","1","18","1"
"1","2","18","10"
"1","1","18","10"
"1","1","18","4"
"1","1","18","7"
"1","1","18","7"
"1","1","18","11"
"1","1","18","11"
"1","2","18","10"
"1","2","18","11"
"1","2","18","10"
"1","2","18","11"
"1","1","18","11"
"1","2","18","10"
"1","1","18","11"
"1","1","18","11"
"1","2","18","11"
"1","1","18","10"
"1","1","18","1"
"6","1","17","4"
"5","1","17","7"
"5","1","17","11"
"4","2","17","7"
"4","2","17","7"
"3","1","17","7"
"3","1","17","7"
"3","2","17","7"
"3","1","17","7"
"3","2","17","10"
"3","1","17","7"
"3","2","17","7"
"3","1","17","10"
"2","1","17","10"
"2","1","17","1"
"2","2","17","11"
"2","1","17","7"
"2","1","17","7"
"2","1","17","7"
"2","1","17","7"
"2","2","17","7"
"2","2","17","7"
"2","1","17","10"
"2","2","17","10"
"2","1","17","7"
"2","1","17","1"
"1","1","17","7"
"1","1","17","7"
"1","2","17","4"
"1","1","17","7"
"1","1","17","11"
"1","1","17","11"
"1","2","17","11"
"1","1","17","7"
"1","1","17","7"
"1","1","17","7"
"1","2","17","7"
"1","2","17","7"
"1","1","17","4"
"1","2","17","7"
"1","2","17","7"
"1","1","17","7"
"1","1","17","7"
"1","2","17","11"
"1","2","17","11"
"1","1","17","11"
"1","1","17","1"
"1","2","17","10"
"1","2","17","4"
"1","1","17","7"
"1","1","17","7"
"1","2","17","10"
"1","2","17","7"
"1","2","17","7"
"1","2","17","4"
"1","1","17","4"
"1","1","17","10"
"1","1","17","4"
"1","1","17","7"
"1","1","17","7"
"1","2","17","11"
"1","2","17","11"
"1","1","17","7"
"1","2","17","11"
"1","2","17","10"
"12","2","16","4"
"8","1","16","4"
"6","1","16","7"
"6","1","16","7"
"6","1","16","4"
"4","2","16","7"
"3","2","16","7"
"2","2","16","7"
"2","2","16","1"
"2","1","16","1"
"2","2","16","7"
"2","1","16","7"
"1","1","16","7"
"1","2","16","7"
"1","2","16","7"
"1","1","16","7"
"1","1","16","1"
"1","1","16","4"
"1","2","16","7"
"1","1","16","7"
"1","1","16","7"
"1","1","16","4"
"1","1","16","7"
"1","1","16","7"
"1","2","16","7"
"1","2","16","7"
"1","2","16","7"
"1","1","16","4"
"1","2","16","4"
"1","1","16","7"
"1","2","16","7"
"1","2","16","4"
"1","1","16","1"
"1","1","16","7"
"1","2","16","7"
"1","1","16","4"
"1","1","16","4"
"1","1","16","7"
"1","2","16","7"
"1","2","16","7"
"1","1","16","7"
"1","1","16","4"
"8","1","15","4"
"7","1","15","7"
"3","2","15","1"
"2","1","15","4"
"2","1","15","4"
"2","2","15","7"
"2","2","15","7"
"2","2","15","7"
"2","1","15","7"
"2","1","15","4"
"1","2","15","4"
"1","1","15","4"
"1","2","15","4"
"1","2","15","7"
"1","1","15","7"
"1","1","15","4"
"1","2","15","7"
"1","1","15","7"
"1","2","15","4"
"1","2","15","7"
"1","2","15","7"
"1","2","15","7"
"1","2","15","7"
"1","1","15","7"
"1","2","15","7"
"1","1","15","7"
"1","1","15","4"
